INSERT INTO lugar (l_id, l_nombre, l_tipo) VALUES
(1601, 'Amazonas', 'E'),
(1602, 'Anzoátegui', 'E'),
(1603, 'Apure', 'E'),
(1604, 'Aragua', 'E'),
(1605, 'Barinas', 'E'),
(1606, 'Bolívar', 'E'),
(1607, 'Carabobo', 'E'),
(1608, 'Cojedes', 'E'),
(1609, 'Delta Amacuro', 'E'),
(1610, 'Falcón', 'E'),
(1611, 'Guárico', 'E'),
(1612, 'Lara', 'E'),
(1613, 'Mérida', 'E'),
(1614, 'Miranda', 'E'),
(1615, 'Monagas', 'E'),
(1616, 'Nueva Esparta', 'E'),
(1617, 'Portuguesa', 'E'),
(1618, 'Sucre', 'E'),
(1619, 'Táchira', 'E'),
(1620, 'Trujillo', 'E'),
(1621, 'Vargas', 'E'),
(1622, 'Yaracuy', 'E'),
(1623, 'Zulia', 'E'),
(1624, 'Distrito Capital', 'E'),
(1625, 'Dependencias Federales', 'E');


INSERT INTO lugar (l_id,fk_Lugar, l_tipo, l_nombre) VALUES
(1,1601,  'M','Alto Orinoco'),
(2,1601,  'M','Atabapo'),
(3,1601,  'M','Atures'),
(4,1601,  'M','Autana'),
(5,1601,  'M','Manapiare'),
(6,1601,  'M','Maroa'),
(7,1601,  'M','Río Negro'),
(8,1602,  'M','Anaco'),
(9,1602,  'M','Aragua'),
(10,1602, 'M', 'Manuel Ezequiel Bruzual'),
(11,1602, 'M', 'Diego Bautista Urbaneja'),
(12,1602, 'M', 'Fernando Peñalver'),
(13,1602, 'M', 'Francisco Del Carmen Carvajal'),
(14,1602, 'M', 'General Sir Arthur McGregor'),
(15,1602, 'M', 'Guanta'),
(16,1602, 'M', 'Independencia'),
(17,1602, 'M', 'José Gregorio Monagas'),
(18,1602, 'M', 'Juan Antonio Sotillo'),
(19,1602, 'M', 'Juan Manuel Cajigal'),
(20,1602, 'M', 'Libertad'),
(21,1602, 'M', 'Francisco de Miranda'),
(22,1602, 'M', 'Pedro María Freites'),
(23,1602, 'M', 'Píritu'),
(24,1602, 'M', 'San José de Guanipa'),
(25,1602, 'M', 'San Juan de Capistrano'),
(26,1602, 'M', 'Santa Ana'),
(27,1602, 'M', 'Simón Bolívar'),
(28,1602, 'M', 'Simón Rodríguez'),
(29,1603, 'M', 'Achaguas'),
(30,1603, 'M', 'Biruaca'),
(31,1603, 'M', 'Muñóz'),
(32,1603, 'M', 'Páez'),
(33,1603, 'M', 'Pedro Camejo'),
(34,1603, 'M', 'Rómulo Gallegos'),
(35,1603, 'M', 'San Fernando'),
(36,1604, 'M', 'Atanasio Girardot'),
(37,1604, 'M', 'Bolívar'),
(38,1604, 'M', 'Camatagua'),
(39,1604, 'M', 'Francisco Linares Alcántara'),
(40,1604, 'M', 'José Ángel Lamas'),
(41,1604, 'M', 'José Félix Ribas'),
(42,1604, 'M', 'José Rafael Revenga'),
(43,1604, 'M', 'Libertador'),
(44,1604, 'M', 'Mario Briceño Iragorry'),
(45,1604, 'M', 'Ocumare de la Costa de Oro'),
(46,1604, 'M', 'San Casimiro'),
(47,1604, 'M', 'San Sebastián'),
(48,1604, 'M', 'Santiago Mariño'),
(49,1604, 'M', 'Santos Michelena'),
(50,1604, 'M', 'Sucre'),
(51,1604, 'M', 'Tovar'),
(52,1604, 'M', 'Urdaneta'),
(53,1604, 'M', 'Zamora'),
(54,1605, 'M', 'Alberto Arvelo Torrealba'),
(55,1605, 'M', 'Andrés Eloy Blanco'),
(56,1605, 'M', 'Antonio José de Sucre'),
(57,1605, 'M', 'Arismendi'),
(58,1605, 'M', 'Barinas'),
(59,1605, 'M', 'Bolívar'),
(60,1605, 'M', 'Cruz Paredes'),
(61,1605, 'M', 'Ezequiel Zamora'),
(62,1605, 'M', 'Obispos'),
(63,1605, 'M', 'Pedraza'),
(64,1605, 'M', 'Rojas'),
(65,1605, 'M', 'Sosa'),
(66,1606, 'M', 'Caroní'),
(67,1606, 'M', 'Cedeño'),
(68,1606, 'M', 'El Callao'),
(69,1606, 'M', 'Gran Sabana'),
(70,1606, 'M', 'Heres'),
(71,1606, 'M', 'Piar'),
(72,1606, 'M', 'Angostura (Raúl Leoni)'),
(73,1606, 'M', 'Roscio'),
(74,1606, 'M', 'Sifontes'),
(75,1606, 'M', 'Sucre'),
(76,1606, 'M', 'Padre Pedro Chien'),
(77,1607, 'M', 'Bejuma'),
(78,1607, 'M', 'Carlos Arvelo'),
(79,1607, 'M', 'Diego Ibarra'),
(80,1607, 'M', 'Guacara'),
(81,1607, 'M', 'Juan José Mora'),
(82,1607, 'M', 'Libertador'),
(83,1607, 'M', 'Los Guayos'),
(84,1607, 'M', 'Miranda'),
(85,1607, 'M', 'Montalbán'),
(86,1607, 'M', 'Naguanagua'),
(87,1607, 'M', 'Puerto Cabello'),
(88,1607, 'M', 'San Diego'),
(89,1607, 'M', 'San Joaquín'),
(90,1607, 'M', 'Valencia'),
(91,1608, 'M', 'Anzoátegui'),
(92,1608, 'M', 'Tinaquillo'),
(93,1608, 'M', 'Girardot'),
(94,1608, 'M', 'Lima Blanco'),
(95,1608, 'M', 'Pao de San Juan Bautista'),
(96,1608, 'M', 'Ricaurte'),
(97,1608, 'M', 'Rómulo Gallegos'),
(98,1608, 'M', 'San Carlos'),
(99,1608, 'M', 'Tinaco'),
(100,1609, 'M', 'Antonio Díaz'),
(101,1609, 'M', 'Casacoima'),
(102,1609, 'M', 'Pedernales'),
(103,1609, 'M', 'Tucupita'),
(104,1610, 'M', 'Acosta'),
(105,1610, 'M', 'Bolívar'),
(106,1610, 'M', 'Buchivacoa'),
(107,1610, 'M', 'Cacique Manaure'),
(108,1610, 'M', 'Carirubana'),
(109,1610, 'M', 'Colina'),
(110,1610, 'M', 'Dabajuro'),
(111,1610, 'M', 'Democracia'),
(112,1610, 'M', 'Falcón'),
(113,1610, 'M', 'Federación'),
(114,1610, 'M', 'Jacura'),
(115,1610, 'M', 'José Laurencio Silva'),
(116,1610, 'M', 'Los Taques'),
(117,1610, 'M', 'Mauroa'),
(118,1610, 'M', 'Miranda'),
(119,1610, 'M', 'Monseñor Iturriza'),
(120,1610, 'M', 'Palmasola'),
(121,1610, 'M', 'Petit'),
(122,1610, 'M', 'Píritu'),
(123,1610, 'M', 'San Francisco'),
(124,1610, 'M', 'Sucre'),
(125,1610, 'M', 'Tocópero'),
(126,1610, 'M', 'Unión'),
(127,1610, 'M', 'Urumaco'),
(128,1610, 'M', 'Zamora'),
(129,1611, 'M', 'Camaguán'),
(130,1611, 'M', 'Chaguaramas'),
(131,1611, 'M', 'El Socorro'),
(132,1611, 'M', 'José Félix Ribas'),
(133,1611, 'M', 'José Tadeo Monagas'),
(134,1611, 'M', 'Juan Germán Roscio'),
(135,1611, 'M', 'Julián Mellado'),
(136,1611, 'M', 'Las Mercedes'),
(137,1611, 'M', 'Leonardo Infante'),
(138,1611, 'M', 'Pedro Zaraza'),
(139,1611, 'M', 'Ortíz'),
(140,1611, 'M', 'San Gerónimo de Guayabal'),
(141,1611, 'M', 'San José de Guaribe'),
(142,1611, 'M', 'Santa María de Ipire'),
(143,1611, 'M', 'Sebastián Francisco de Miranda'),
(144,1612, 'M', 'Andrés Eloy Blanco'),
(145,1612, 'M', 'Crespo'),
(146,1612, 'M', 'Iribarren'),
(147,1612, 'M', 'Jiménez'),
(148,1612, 'M', 'Morán'),
(149,1612, 'M', 'Palavecino'),
(150,1612, 'M', 'Simón Planas'),
(151,1612, 'M', 'Torres'),
(152,1612, 'M', 'Urdaneta'),
(179,1613, 'M', 'Alberto Adriani'),
(180,1613, 'M', 'Andrés Bello'),
(181,1613, 'M', 'Antonio Pinto Salinas'),
(182,1613, 'M', 'Aricagua'),
(183,1613, 'M', 'Arzobispo Chacón'),
(184,1613, 'M', 'Campo Elías'),
(185,1613, 'M', 'Caracciolo Parra Olmedo'),
(186,1613, 'M', 'Cardenal Quintero'),
(187,1613, 'M', 'Guaraque'),
(188,1613, 'M', 'Julio César Salas'),
(189,1613, 'M', 'Justo Briceño'),
(190,1613, 'M', 'Libertador'),
(191,1613, 'M', 'Miranda'),
(192,1613, 'M', 'Obispo Ramos de Lora'),
(193,1613, 'M', 'Padre Noguera'),
(194,1613, 'M', 'Pueblo Llano'),
(195,1613, 'M', 'Rangel'),
(196,1613, 'M', 'Rivas Dávila'),
(197,1613, 'M', 'Santos Marquina'),
(198,1613, 'M', 'Sucre'),
(199,1613, 'M', 'Tovar'),
(200,1613, 'M', 'Tulio Febres Cordero'),
(201,1613, 'M', 'Zea'),
(223,1614, 'M', 'Acevedo'),
(224,1614, 'M', 'Andrés Bello'),
(225,1614, 'M', 'Baruta'),
(226,1614, 'M', 'Brión'),
(227,1614, 'M', 'Buroz'),
(228,1614, 'M', 'Carrizal'),
(229,1614, 'M', 'Chacao'),
(230,1614, 'M', 'Cristóbal Rojas'),
(231,1614, 'M', 'El Hatillo'),
(232,1614, 'M', 'Guaicaipuro'),
(233,1614, 'M', 'Independencia'),
(234,1614, 'M', 'Lander'),
(235,1614, 'M', 'Los Salias'),
(236,1614, 'M', 'Páez'),
(237,1614, 'M', 'Paz Castillo'),
(238,1614, 'M', 'Pedro Gual'),
(239,1614, 'M', 'Plaza'),
(240,1614, 'M', 'Simón Bolívar'),
(241,1614, 'M', 'Sucre'),
(242,1614, 'M', 'Urdaneta'),
(243,1614, 'M', 'Zamora'),
(258,1615, 'M', 'Acosta'),
(259,1615, 'M', 'Aguasay'),
(260,1615, 'M', 'Bolívar'),
(261,1615, 'M', 'Caripe'),
(262,1615, 'M', 'Cedeño'),
(263,1615, 'M', 'Ezequiel Zamora'),
(264,1615, 'M', 'Libertador'),
(265,1615, 'M', 'Maturín'),
(266,1615, 'M', 'Piar'),
(267,1615, 'M', 'Punceres'),
(268,1615, 'M', 'Santa Bárbara'),
(269,1615, 'M', 'Sotillo'),
(270,1615, 'M', 'Uracoa'),
(271,1616, 'M', 'Antolín del Campo'),
(272,1616, 'M', 'Arismendi'),
(273,1616, 'M', 'García'),
(274,1616, 'M', 'Gómez'),
(275,1616, 'M', 'Maneiro'),
(276,1616, 'M', 'Marcano'),
(277,1616, 'M', 'Mariño'),
(278,1616, 'M', 'Península de Macanao'),
(279,1616, 'M', 'Tubores'),
(280,1616, 'M', 'Villalba'),
(281,1616, 'M', 'Díaz'),
(282,1617, 'M', 'Agua Blanca'),
(283,1617, 'M', 'Araure'),
(284,1617, 'M', 'Esteller'),
(285,1617, 'M', 'Guanare'),
(286,1617, 'M', 'Guanarito'),
(287,1617, 'M', 'Monseñor José Vicente de Unda'),
(288,1617, 'M', 'Ospino'),
(289,1617, 'M', 'Páez'),
(290,1617, 'M', 'Papelón'),
(291,1617, 'M', 'San Genaro de Boconoíto'),
(292,1617, 'M', 'San Rafael de Onoto'),
(293,1617, 'M', 'Santa Rosalía'),
(294,1617, 'M', 'Sucre'),
(295,1617, 'M', 'Turén'),
(296,1618, 'M', 'Andrés Eloy Blanco'),
(297,1618, 'M', 'Andrés Mata'),
(298,1618, 'M', 'Arismendi'),
(299,1618, 'M', 'Benítez'),
(300,1618, 'M', 'Bermúdez'),
(301,1618, 'M', 'Bolívar'),
(302,1618, 'M', 'Cajigal'),
(303,1618, 'M', 'Cruz Salmerón Acosta'),
(304,1618, 'M', 'Libertador'),
(305,1618, 'M', 'Mariño'),
(306,1618, 'M', 'Mejía'),
(307,1618, 'M', 'Montes'),
(308,1618, 'M', 'Ribero'),
(309,1618, 'M', 'Sucre'),
(310,1618, 'M', 'Valdéz'),
(341,1619, 'M', 'Andrés Bello'),
(342,1619, 'M', 'Antonio Rómulo Costa'),
(343,1619, 'M', 'Ayacucho'),
(344,1619, 'M', 'Bolívar'),
(345,1619, 'M', 'Cárdenas'),
(346,1619, 'M', 'Córdoba'),
(347,1619, 'M', 'Fernández Feo'),
(348,1619, 'M', 'Francisco de Miranda'),
(349,1619, 'M', 'García de Hevia'),
(350,1619, 'M', 'Guásimos'),
(351,1619, 'M', 'Independencia'),
(352,1619, 'M', 'Jáuregui'),
(353,1619, 'M', 'José María Vargas'),
(354,1619, 'M', 'Junín'),
(355,1619, 'M', 'Libertad'),
(356,1619, 'M', 'Libertador'),
(357,1619, 'M', 'Lobatera'),
(358,1619, 'M', 'Michelena'),
(359,1619, 'M', 'Panamericano'),
(360,1619, 'M', 'Pedro María Ureña'),
(361,1619, 'M', 'Rafael Urdaneta'),
(362,1619, 'M', 'Samuel Darío Maldonado'),
(363,1619, 'M', 'San Cristóbal'),
(364,1619, 'M', 'Seboruco'),
(365,1619, 'M', 'Simón Rodríguez'),
(366,1619, 'M', 'Sucre'),
(367,1619, 'M', 'Torbes'),
(368,1619, 'M', 'Uribante'),
(369,1619, 'M', 'San Judas Tadeo'),
(370,1620, 'M', 'Andrés Bello'),
(371,1620, 'M', 'Boconó'),
(372,1620, 'M', 'Bolívar'),
(373,1620, 'M', 'Candelaria'),
(374,1620, 'M', 'Carache'),
(375,1620, 'M', 'Escuque'),
(376,1620, 'M', 'José Felipe Márquez Cañizalez'),
(377,1620, 'M', 'Juan Vicente Campos Elías'),
(378,1620, 'M', 'La Ceiba'),
(379,1620, 'M', 'Miranda'),
(380,1620, 'M', 'Monte Carmelo'),
(381,1620, 'M', 'Motatán'),
(382,1620, 'M', 'Pampán'),
(383,1620, 'M', 'Pampanito'),
(384,1620, 'M', 'Rafael Rangel'),
(385,1620, 'M', 'San Rafael de Carvajal'),
(386,1620, 'M', 'Sucre'),
(387,1620, 'M', 'Trujillo'),
(388,1620, 'M', 'Urdaneta'),
(389,1620, 'M', 'Valera'),
(390,1621, 'M', 'Vargas'),
(391,1622, 'M', 'Arístides Bastidas'),
(392,1622, 'M', 'Bolívar'),
(407,1622, 'M', 'Bruzual'),
(408,1622, 'M', 'Cocorote'),
(409,1622, 'M', 'Independencia'),
(410,1622, 'M', 'José Antonio Páez'),
(411,1622, 'M', 'La Trinidad'),
(412,1622, 'M', 'Manuel Monge'),
(413,1622, 'M', 'Nirgua'),
(414,1622, 'M', 'Peña'),
(415,1622, 'M', 'San Felipe'),
(416,1622, 'M', 'Sucre'),
(417,1622, 'M', 'Urachiche'),
(418,1622, 'M', 'José Joaquín Veroes'),
(441,1623, 'M', 'Almirante Padilla'),
(442,1623, 'M', 'Baralt'),
(443,1623, 'M', 'Cabimas'),
(444,1623, 'M', 'Catatumbo'),
(445,1623, 'M', 'Colón'),
(446,1623, 'M', 'Francisco Javier Pulgar'),
(447,1623, 'M', 'Páez'),
(448,1623, 'M', 'Jesús Enrique Losada'),
(449,1623, 'M', 'Jesús María Semprún'),
(450,1623, 'M', 'La Cañada de Urdaneta'),
(451,1623, 'M', 'Lagunillas'),
(452,1623, 'M', 'Machiques de Perijá'),
(453,1623, 'M', 'Mara'),
(454,1623, 'M', 'Maracaibo'),
(455,1623, 'M', 'Miranda'),
(456,1623, 'M', 'Rosario de Perijá'),
(457,1623, 'M', 'San Francisco'),
(458,1623, 'M', 'Santa Rita'),
(459,1623, 'M', 'Simón Bolívar'),
(460,1623, 'M', 'Sucre'),
(461,1623, 'M', 'Valmore Rodríguez'),
(462,1624, 'M', 'Libertador');

INSERT INTO lugar (l_id, fk_Lugar, l_tipo, l_nombre ) VALUES
(463, 1,  'P','Alto Orinoco'),
(464, 1,  'P','Huachamacare Acanaña'),
(465, 1,  'P','Marawaka Toky Shamanaña'),
(466, 1,  'P','Mavaka Mavaka'),
(467, 1,  'P','Sierra Parima Parimabé'),
(468, 2,  'P','Ucata Laja Lisa'),
(469, 2,  'P','Yapacana Macuruco'),
(470, 2,  'P','Caname Guarinuma'),
(471, 3,  'P','Fernando Girón Tovar'),
(472, 3,  'P','Luis Alberto Gómez'),
(473, 3,  'P','Pahueña Limón de Parhueña'),
(474, 3,  'P','Platanillal Platanillal'),
(475, 4,  'P','Samariapo'),
(476, 4,  'P','Sipapo'),
(477, 4,  'P','Munduapo'),
(478, 4,  'P','Guayapo'),
(479, 5,  'P','Alto Ventuari'),
(480, 5,  'P','Medio Ventuari'),
(481, 5,  'P','Bajo Ventuari'),
(482, 6,  'P','Victorino'),
(483, 6,  'P','Comunidad'),
(484, 7,  'P','Casiquiare'),
(485, 7,  'P','Cocuy'),
(486, 7,  'P','San Carlos de Río Negro'),
(487, 7,  'P','Solano'),
(488, 8,  'P','Anaco'),
(489, 8,  'P','San Joaquín'),
(490, 9,  'P','Cachipo'),
(491, 9,  'P','Aragua de Barcelona'),
(492, 11, 'P', 'Lechería'),
(493, 11, 'P', 'El Morro'),
(494, 12, 'P', 'Puerto Píritu'),
(495, 12, 'P', 'San Miguel'),
(496, 12, 'P', 'Sucre'),
(497, 13, 'P', 'Valle de Guanape'),
(498, 13, 'P', 'Santa Bárbara'),
(499, 14, 'P', 'El Chaparro'),
(500, 14, 'P', 'Tomás Alfaro'),
(501, 14, 'P', 'Calatrava'),
(502, 15, 'P', 'Guanta'),
(503, 15, 'P', 'Chorrerón'),
(504, 16, 'P', 'Mamo'),
(505, 16, 'P', 'Soledad'),
(506, 17, 'P', 'Mapire'),
(507, 17, 'P', 'Piar'),
(508, 17, 'P', 'Santa Clara'),
(509, 17, 'P', 'San Diego de Cabrutica'),
(510, 17, 'P', 'Uverito'),
(511, 17, 'P', 'Zuata'),
(512, 18, 'P', 'Puerto La Cruz'),
(513, 18, 'P', 'Pozuelos'),
(514, 19, 'P', 'Onoto'),
(515, 19, 'P', 'San Pablo'),
(516, 20, 'P', 'San Mateo'),
(517, 20, 'P', 'El Carito'),
(518, 20, 'P', 'Santa Inés'),
(519, 20, 'P', 'La Romereña'),
(520, 21, 'P', 'Atapirire'),
(521, 21, 'P', 'Boca del Pao'),
(522, 21, 'P', 'El Pao'),
(523, 21, 'P', 'Pariaguán'),
(524, 22, 'P', 'Cantaura'),
(525, 22, 'P', 'Libertador'),
(526, 22, 'P', 'Santa Rosa'),
(527, 22, 'P', 'Urica'),
(528, 23, 'P', 'Píritu'),
(529, 23, 'P', 'San Francisco'),
(530, 24, 'P', 'San José de Guanipa'),
(531, 25, 'P', 'Boca de Uchire'),
(532, 25, 'P', 'Boca de Chávez'),
(533, 26, 'P', 'Pueblo Nuevo'),
(534, 26, 'P', 'Santa Ana'),
(535, 27, 'P', 'Bergantín'),
(536, 27, 'P', 'Caigua'),
(537, 27, 'P', 'El Carmen'),
(538, 27, 'P', 'El Pilar'),
(539, 27, 'P', 'Naricual'),
(540, 27, 'P', 'San Crsitóbal'),
(541, 28, 'P', 'Edmundo Barrios'),
(542, 28, 'P', 'Miguel Otero Silva'),
(543, 29, 'P', 'Achaguas'),
(544, 29, 'P', 'Apurito'),
(545, 29, 'P', 'El Yagual'),
(546, 29, 'P', 'Guachara'),
(547, 29, 'P', 'Mucuritas'),
(548, 29, 'P', 'Queseras del medio'),
(549, 30, 'P', 'Biruaca'),
(550, 31, 'P', 'Bruzual'),
(551, 31, 'P', 'Mantecal'),
(552, 31, 'P', 'Quintero'),
(553, 31, 'P', 'Rincón Hondo'),
(554, 31, 'P', 'San Vicente'),
(555, 32, 'P', 'Guasdualito'),
(556, 32, 'P', 'Aramendi'),
(557, 32, 'P', 'El Amparo'),
(558, 32, 'P', 'San Camilo'),
(559, 32, 'P', 'Urdaneta'),
(560, 33, 'P', 'San Juan de Payara'),
(561, 33, 'P', 'Codazzi'),
(562, 33, 'P', 'Cunaviche'),
(563, 34, 'P', 'Elorza'),
(564, 34, 'P', 'La Trinidad'),
(565, 35, 'P', 'San Fernando'),
(566, 35, 'P', 'El Recreo'),
(567, 35, 'P', 'Peñalver'),
(568, 35, 'P', 'San Rafael de Atamaica'),
(569, 36, 'P', 'Pedro José Ovalles'),
(570, 36, 'P', 'Joaquín Crespo'),
(571, 36, 'P', 'José Casanova Godoy'),
(572, 36, 'P', 'Madre María de San José'),
(573, 36, 'P', 'Andrés Eloy Blanco'),
(574, 36, 'P', 'Los Tacarigua'),
(575, 36, 'P', 'Las Delicias'),
(576, 36, 'P', 'Choroní'),
(577, 37, 'P', 'Bolívar'),
(578, 38, 'P', 'Camatagua'),
(579, 38, 'P', 'Carmen de Cura'),
(580, 39, 'P', 'Santa Rita'),
(581, 39, 'P', 'Francisco de Miranda'),
(582, 39, 'P', 'Moseñor Feliciano González'),
(583, 40, 'P', 'Santa Cruz'),
(584, 41, 'P', 'José Félix Ribas'),
(585, 41, 'P', 'Castor Nieves Ríos'),
(586, 41, 'P', 'Las Guacamayas'),
(587, 41, 'P', 'Pao de Zárate'),
(588, 41, 'P', 'Zuata'),
(589, 42, 'P', 'José Rafael Revenga'),
(590, 43, 'P', 'Palo Negro'),
(591, 43, 'P', 'San Martín de Porres'),
(592, 44, 'P', 'El Limón'),
(593, 44, 'P', 'Caña de Azúcar'),
(594, 45, 'P', 'Ocumare de la Costa'),
(595, 46, 'P', 'San Casimiro'),
(596, 46, 'P', 'Güiripa'),
(597, 46, 'P', 'Ollas de Caramacate'),
(598, 46, 'P', 'Valle Morín'),
(599, 47, 'P', 'San Sebastían'),
(600, 48, 'P', 'Turmero'),
(601, 48, 'P', 'Arevalo Aponte'),
(602, 48, 'P', 'Chuao'),
(603, 48, 'P', 'Samán de Güere'),
(604, 48, 'P', 'Alfredo Pacheco Miranda'),
(605, 49, 'P', 'Santos Michelena'),
(606, 49, 'P', 'Tiara'),
(607, 50, 'P', 'Cagua'),
(608, 50, 'P', 'Bella Vista'),
(609, 51, 'P', 'Tovar'),
(610, 52, 'P', 'Urdaneta'),
(611, 52, 'P', 'Las Peñitas'),
(612, 52, 'P', 'San Francisco de Cara'),
(613, 52, 'P', 'Taguay'),
(614, 53, 'P', 'Zamora'),
(615, 53, 'P', 'Magdaleno'),
(616, 53, 'P', 'San Francisco de Asís'),
(617, 53, 'P', 'Valles de Tucutunemo'),
(618, 53, 'P', 'Augusto Mijares'),
(619, 54, 'P', 'Sabaneta'),
(620, 54, 'P', 'Juan Antonio Rodríguez Domínguez'),
(621, 55, 'P', 'El Cantón'),
(622, 55, 'P', 'Santa Cruz de Guacas'),
(623, 55, 'P', 'Puerto Vivas'),
(624, 56, 'P', 'Ticoporo'),
(625, 56, 'P', 'Nicolás Pulido'),
(626, 56, 'P', 'Andrés Bello'),
(627, 57, 'P', 'Arismendi'),
(628, 57, 'P', 'Guadarrama'),
(629, 57, 'P', 'La Unión'),
(630, 57, 'P', 'San Antonio'),
(631, 58, 'P', 'Barinas'),
(632, 58, 'P', 'Alberto Arvelo Larriva'),
(633, 58, 'P', 'San Silvestre'),
(634, 58, 'P', 'Santa Inés'),
(635, 58, 'P', 'Santa Lucía'),
(636, 58, 'P', 'Torumos'),
(637, 58, 'P', 'El Carmen'),
(638, 58, 'P', 'Rómulo Betancourt'),
(639, 58, 'P', 'Corazón de Jesús'),
(640, 58, 'P', 'Ramón Ignacio Méndez'),
(641, 58, 'P', 'Alto Barinas'),
(642, 58, 'P', 'Manuel Palacio Fajardo'),
(643, 58, 'P', 'Juan Antonio Rodríguez Domínguez'),
(644, 58, 'P', 'Dominga Ortiz de Páez'),
(645, 59, 'P', 'Barinitas'),
(646, 59, 'P', 'Altamira de Cáceres'),
(647, 59, 'P', 'Calderas'),
(648, 60, 'P', 'Barrancas'),
(649, 60, 'P', 'El Socorro'),
(650, 60, 'P', 'Mazparrito'),
(651, 61, 'P', 'Santa Bárbara'),
(652, 61, 'P', 'Pedro Briceño Méndez'),
(653, 61, 'P', 'Ramón Ignacio Méndez'),
(654, 61, 'P', 'José Ignacio del Pumar'),
(655, 62, 'P', 'Obispos'),
(656, 62, 'P', 'Guasimitos'),
(657, 62, 'P', 'El Real'),
(658, 62, 'P', 'La Luz'),
(659, 63, 'P', 'Ciudad Bolívia'),
(660, 63, 'P', 'José Ignacio Briceño'),
(661, 63, 'P', 'José Félix Ribas'),
(662, 63, 'P', 'Páez'),
(663, 64, 'P', 'Libertad'),
(664, 64, 'P', 'Dolores'),
(665, 64, 'P', 'Santa Rosa'),
(666, 64, 'P', 'Palacio Fajardo'),
(667, 65, 'P', 'Ciudad de Nutrias'),
(668, 65, 'P', 'El Regalo'),
(669, 65, 'P', 'Puerto Nutrias'),
(670, 65, 'P', 'Santa Catalina'),
(671, 66, 'P', 'Cachamay'),
(672, 66, 'P', 'Chirica'),
(673, 66, 'P', 'Dalla Costa'),
(674, 66, 'P', 'Once de Abril'),
(675, 66, 'P', 'Simón Bolívar'),
(676, 66, 'P', 'Unare'),
(677, 66, 'P', 'Universidad'),
(678, 66, 'P', 'Vista al Sol'),
(679, 66, 'P', 'Pozo Verde'),
(680, 66, 'P', 'Yocoima'),
(681, 66, 'P', '5 de Julio'),
(682, 67, 'P', 'Cedeño'),
(683, 67, 'P', 'Altagracia'),
(684, 67, 'P', 'Ascensión Farreras'),
(685, 67, 'P', 'Guaniamo'),
(686, 67, 'P', 'La Urbana'),
(687, 67, 'P', 'Pijiguaos'),
(688, 68, 'P', 'El Callao'),
(689, 69, 'P', 'Gran Sabana'),
(690, 69, 'P', 'Ikabarú'),
(691, 70, 'P', 'Catedral'),
(692, 70, 'P', 'Zea'),
(693, 70, 'P', 'Orinoco'),
(694, 70, 'P', 'José Antonio Páez'),
(695, 70, 'P', 'Marhuanta'),
(696, 70, 'P', 'Agua Salada'),
(697, 70, 'P', 'Vista Hermosa'),
(698, 70, 'P', 'La Sabanita'),
(699, 70, 'P', 'Panapana'),
(700, 71, 'P', 'Andrés Eloy Blanco'),
(701, 71, 'P', 'Pedro Cova'),
(702, 72, 'P', 'Raúl Leoni'),
(703, 72, 'P', 'Barceloneta'),
(704, 72, 'P', 'Santa Bárbara'),
(705, 72, 'P', 'San Francisco'),
(706, 73, 'P', 'Roscio'),
(707, 73, 'P', 'Salóm'),
(708, 74, 'P', 'Sifontes'),
(709, 74, 'P', 'Dalla Costa'),
(710, 74, 'P', 'San Isidro'),
(711, 75, 'P', 'Sucre'),
(712, 75, 'P', 'Aripao'),
(713, 75, 'P', 'Guarataro'),
(714, 75, 'P', 'Las Majadas'),
(715, 75, 'P', 'Moitaco'),
(716, 76, 'P', 'Padre Pedro Chien'),
(717, 76, 'P', 'Río Grande'),
(718, 77, 'P', 'Bejuma'),
(719, 77, 'P', 'Canoabo'),
(720, 77, 'P', 'Simón Bolívar'),
(721, 78, 'P', 'Güigüe'),
(722, 78, 'P', 'Carabobo'),
(723, 78, 'P', 'Tacarigua'),
(724, 79, 'P', 'Mariara'),
(725, 79, 'P', 'Aguas Calientes'),
(726, 80, 'P', 'Ciudad Alianza'),
(727, 80, 'P', 'Guacara'),
(728, 80, 'P', 'Yagua'),
(729, 81, 'P', 'Morón'),
(730, 81, 'P', 'Yagua'),
(731, 82, 'P', 'Tocuyito'),
(732, 82, 'P', 'Independencia'),
(733, 83, 'P', 'Los Guayos'),
(734, 84, 'P', 'Miranda'),
(735, 85, 'P', 'Montalbán'),
(736, 86, 'P', 'Naguanagua'),
(737, 87, 'P', 'Bartolomé Salóm'),
(738, 87, 'P', 'Democracia'),
(739, 87, 'P', 'Fraternidad'),
(740, 87, 'P', 'Goaigoaza'),
(741, 87, 'P', 'Juan José Flores'),
(742, 87, 'P', 'Unión'),
(743, 87, 'P', 'Borburata'),
(744, 87, 'P', 'Patanemo'),
(745, 88, 'P', 'San Diego'),
(746, 89, 'P', 'San Joaquín'),
(747, 90, 'P', 'Candelaria'),
(748, 90, 'P', 'Catedral'),
(749, 90, 'P', 'El Socorro'),
(750, 90, 'P', 'Miguel Peña'),
(751, 90, 'P', 'Rafael Urdaneta'),
(752, 90, 'P', 'San Blas'),
(753, 90, 'P', 'San José'),
(754, 90, 'P', 'Santa Rosa'),
(755, 90, 'P', 'Negro Primero'),
(756, 91, 'P', 'Cojedes'),
(757, 91, 'P', 'Juan de Mata Suárez'),
(758, 92, 'P', 'Tinaquillo'),
(759, 93, 'P', 'El Baúl'),
(760, 93, 'P', 'Sucre'),
(761, 94, 'P', 'La Aguadita'),
(762, 94, 'P', 'Macapo'),
(763, 95, 'P', 'El Pao'),
(764, 96, 'P', 'El Amparo'),
(765, 96, 'P', 'Libertad de Cojedes'),
(766, 97, 'P', 'Rómulo Gallegos'),
(767, 98, 'P', 'San Carlos de Austria'),
(768, 98, 'P', 'Juan Ángel Bravo'),
(769, 98, 'P', 'Manuel Manrique'),
(770, 99, 'P', 'General en Jefe José Laurencio Silva'),
(771, 100, 'P', 'Curiapo'),
(772, 100, 'P', 'Almirante Luis Brión'),
(773, 100, 'P', 'Francisco Aniceto Lugo'),
(774, 100, 'P', 'Manuel Renaud'),
(775, 100, 'P', 'Padre Barral'),
(776, 100, 'P', 'Santos de Abelgas'),
(777, 101, 'P', 'Imataca'),
(778, 101, 'P', 'Cinco de Julio'),
(779, 101, 'P', 'Juan Bautista Arismendi'),
(780, 101, 'P', 'Manuel Piar'),
(781, 101, 'P', 'Rómulo Gallegos'),
(782, 102, 'P', 'Pedernales'),
(783, 102, 'P', 'Luis Beltrán Prieto Figueroa'),
(784, 103, 'P', 'San José (Delta Amacuro)'),
(785, 103, 'P', 'José Vidal Marcano'),
(786, 103, 'P', 'Juan Millán'),
(787, 103, 'P', 'Leonardo Ruíz Pineda'),
(788, 103, 'P', 'Mariscal Antonio José de Sucre'),
(789, 103, 'P', 'Monseñor Argimiro García'),
(790, 103, 'P', 'San Rafael (Delta Amacuro)'),
(791, 103, 'P', 'Virgen del Valle'),
(792, 10,  'P','Clarines'),
(793, 10,  'P','Guanape'),
(794, 10,  'P','Sabana de Uchire'),
(795, 104, 'P', 'Capadare'),
(796, 104, 'P', 'La Pastora'),
(797, 104, 'P', 'Libertador'),
(798, 104, 'P', 'San Juan de los Cayos'),
(799, 105, 'P', 'Aracua'),
(800, 105, 'P', 'La Peña'),
(801, 105, 'P', 'San Luis'),
(802, 106, 'P', 'Bariro'),
(803, 106, 'P', 'Borojó'),
(804, 106, 'P', 'Capatárida'),
(805, 106, 'P', 'Guajiro'),
(806, 106, 'P', 'Seque'),
(807, 106, 'P', 'Zazárida'),
(808, 106, 'P', 'Valle de Eroa'),
(809, 107, 'P', 'Cacique Manaure'),
(810, 108, 'P', 'Norte'),
(811, 108, 'P', 'Carirubana'),
(812, 108, 'P', 'Santa Ana'),
(813, 108, 'P', 'Urbana Punta Cardón'),
(814, 109, 'P', 'La Vela de Coro'),
(815, 109, 'P', 'Acurigua'),
(816, 109, 'P', 'Guaibacoa'),
(817, 109, 'P', 'Las Calderas'),
(818, 109, 'P', 'Macoruca'),
(819, 110, 'P', 'Dabajuro'),
(820, 111, 'P', 'Agua Clara'),
(821, 111, 'P', 'Avaria'),
(822, 111, 'P', 'Pedregal'),
(823, 111, 'P', 'Piedra Grande'),
(824, 111, 'P', 'Purureche'),
(825, 112, 'P', 'Adaure'),
(826, 112, 'P', 'Adícora'),
(827, 112, 'P', 'Baraived'),
(828, 112, 'P', 'Buena Vista'),
(829, 112, 'P', 'Jadacaquiva'),
(830, 112, 'P', 'El Vínculo'),
(831, 112, 'P', 'El Hato'),
(832, 112, 'P', 'Moruy'),
(833, 112, 'P', 'Pueblo Nuevo'),
(834, 113, 'P', 'Agua Larga'),
(835, 113, 'P', 'El Paují'),
(836, 113, 'P', 'Independencia'),
(837, 113, 'P', 'Mapararí'),
(838, 114, 'P', 'Agua Linda'),
(839, 114, 'P', 'Araurima'),
(840, 114, 'P', 'Jacura'),
(841, 115, 'P', 'Tucacas'),
(842, 115, 'P', 'Boca de Aroa'),
(843, 116, 'P', 'Los Taques'),
(844, 116, 'P', 'Judibana'),
(845, 117, 'P', 'Mene de Mauroa'),
(846, 117, 'P', 'San Félix'),
(847, 117, 'P', 'Casigua'),
(848, 118, 'P', 'Guzmán Guillermo'),
(849, 118, 'P', 'Mitare'),
(850, 118, 'P', 'Río Seco'),
(851, 118, 'P', 'Sabaneta'),
(852, 118, 'P', 'San Antonio'),
(853, 118, 'P', 'San Gabriel'),
(854, 118, 'P', 'Santa Ana'),
(855, 119, 'P', 'Boca del Tocuyo'),
(856, 119, 'P', 'Chichiriviche'),
(857, 119, 'P', 'Tocuyo de la Costa'),
(858, 120, 'P', 'Palmasola'),
(859, 121, 'P', 'Cabure'),
(860, 121, 'P', 'Colina'),
(861, 121, 'P', 'Curimagua'),
(862, 122, 'P', 'San José de la Costa'),
(863, 122, 'P', 'Píritu'),
(864, 123, 'P', 'San Francisco'),
(865, 124, 'P', 'Sucre'),
(866, 124, 'P', 'Pecaya'),
(867, 125, 'P', 'Tocópero'),
(868, 126, 'P', 'El Charal'),
(869, 126, 'P', 'Las Vegas del Tuy'),
(870, 126, 'P', 'Santa Cruz de Bucaral'),
(871, 127, 'P', 'Bruzual'),
(872, 127, 'P', 'Urumaco'),
(873, 128, 'P', 'Puerto Cumarebo'),
(874, 128, 'P', 'La Ciénaga'),
(875, 128, 'P', 'La Soledad'),
(876, 128, 'P', 'Pueblo Cumarebo'),
(877, 128, 'P', 'Zazárida'),
(878, 113, 'P', 'Churuguara'),
(879, 129, 'P', 'Camaguán'),
(880, 129, 'P', 'Puerto Miranda'),
(881, 129, 'P', 'Uverito'),
(882, 130, 'P', 'Chaguaramas'),
(883, 131, 'P', 'El Socorro'),
(884, 132, 'P', 'Tucupido'),
(885, 132, 'P', 'San Rafael de Laya'),
(886, 133, 'P', 'Altagracia de Orituco'),
(887, 133, 'P', 'San Rafael de Orituco'),
(888, 133, 'P', 'San Francisco Javier de Lezama'),
(889, 133, 'P', 'Paso Real de Macaira'),
(890, 133, 'P', 'Carlos Soublette'),
(891, 133, 'P', 'San Francisco de Macaira'),
(892, 133, 'P', 'Libertad de Orituco'),
(893, 134, 'P', 'Cantaclaro'),
(894, 134, 'P', 'San Juan de los Morros'),
(895, 134, 'P', 'Parapara'),
(896, 135, 'P', 'El Sombrero'),
(897, 135, 'P', 'Sosa'),
(898, 136, 'P', 'Las Mercedes'),
(899, 136, 'P', 'Cabruta'),
(900, 136, 'P', 'Santa Rita de Manapire'),
(901, 137, 'P', 'Valle de la Pascua'),
(902, 137, 'P', 'Espino'),
(903, 138, 'P', 'San José de Unare'),
(904, 138, 'P', 'Zaraza'),
(905, 139, 'P', 'San José de Tiznados'),
(906, 139, 'P', 'San Francisco de Tiznados'),
(907, 139, 'P', 'San Lorenzo de Tiznados'),
(908, 139, 'P', 'Ortiz'),
(909, 140, 'P', 'Guayabal'),
(910, 140, 'P', 'Cazorla'),
(911, 141, 'P', 'San José de Guaribe'),
(912, 141, 'P', 'Uveral'),
(913, 142, 'P', 'Santa María de Ipire'),
(914, 142, 'P', 'Altamira'),
(915, 143, 'P', 'El Calvario'),
(916, 143, 'P', 'El Rastro'),
(917, 143, 'P', 'Guardatinajas'),
(918, 143, 'P', 'Capital Urbana Calabozo'),
(919, 144, 'P', 'Quebrada Honda de Guache'),
(920, 144, 'P', 'Pío Tamayo'),
(921, 144, 'P', 'Yacambú'),
(922, 145, 'P', 'Fréitez'),
(923, 145, 'P', 'José María Blanco'),
(924, 146, 'P', 'Catedral'),
(925, 146, 'P', 'Concepción'),
(926, 146, 'P', 'El Cují'),
(927, 146, 'P', 'Juan de Villegas'),
(928, 146, 'P', 'Santa Rosa'),
(929, 146, 'P', 'Tamaca'),
(930, 146, 'P', 'Unión'),
(931, 146, 'P', 'Aguedo Felipe Alvarado'),
(932, 146, 'P', 'Buena Vista'),
(933, 146, 'P', 'Juárez'),
(934, 147, 'P', 'Juan Bautista Rodríguez'),
(935, 147, 'P', 'Cuara'),
(936, 147, 'P', 'Diego de Lozada'),
(937, 147, 'P', 'Paraíso de San José'),
(938, 147, 'P', 'San Miguel'),
(939, 147, 'P', 'Tintorero'),
(940, 147, 'P', 'José Bernardo Dorante'),
(941, 147, 'P', 'Coronel Mariano Peraza '),
(942, 148, 'P', 'Bolívar'),
(943, 148, 'P', 'Anzoátegui'),
(944, 148, 'P', 'Guarico'),
(945, 148, 'P', 'Hilario Luna y Luna'),
(946, 148, 'P', 'Humocaro Alto'),
(947, 148, 'P', 'Humocaro Bajo'),
(948, 148, 'P', 'La Candelaria'),
(949, 148, 'P', 'Morán'),
(950, 149, 'P', 'Cabudare'),
(951, 149, 'P', 'José Gregorio Bastidas'),
(952, 149, 'P', 'Agua Viva'),
(953, 150, 'P', 'Sarare'),
(954, 150, 'P', 'Buría'),
(955, 150, 'P', 'Gustavo Vegas León'),
(956, 151, 'P', 'Trinidad Samuel'),
(957, 151, 'P', 'Antonio Díaz'),
(958, 151, 'P', 'Camacaro'),
(959, 151, 'P', 'Castañeda'),
(960, 151, 'P', 'Cecilio Zubillaga'),
(961, 151, 'P', 'Chiquinquirá'),
(962, 151, 'P', 'El Blanco'),
(963, 151, 'P', 'Espinoza de los Monteros'),
(964, 151, 'P', 'Lara'),
(965, 151, 'P', 'Las Mercedes'),
(966, 151, 'P', 'Manuel Morillo'),
(967, 151, 'P', 'Montaña Verde'),
(968, 151, 'P', 'Montes de Oca'),
(969, 151, 'P', 'Torres'),
(970, 151, 'P', 'Heriberto Arroyo'),
(971, 151, 'P', 'Reyes Vargas'),
(972, 151, 'P', 'Altagracia'),
(973, 152, 'P', 'Siquisique'),
(974, 152, 'P', 'Moroturo'),
(975, 152, 'P', 'San Miguel'),
(976, 152, 'P', 'Xaguas'),
(977, 179, 'P', 'Presidente Betancourt'),
(978, 179, 'P', 'Presidente Páez'),
(979, 179, 'P', 'Presidente Rómulo Gallegos'),
(980, 179, 'P', 'Gabriel Picón González'),
(981, 179, 'P', 'Héctor Amable Mora'),
(982, 179, 'P', 'José Nucete Sardi'),
(983, 179, 'P', 'Pulido Méndez'),
(984, 180, 'P', 'La Azulita'),
(985, 181, 'P', 'Santa Cruz de Mora'),
(986, 181, 'P', 'Mesa Bolívar'),
(987, 181, 'P', 'Mesa de Las Palmas'),
(988, 182, 'P', 'Aricagua'),
(989, 182, 'P', 'San Antonio'),
(990, 183, 'P', 'Canagua'),
(991, 183, 'P', 'Capurí'),
(992, 183, 'P', 'Chacantá'),
(993, 183, 'P', 'El Molino'),
(994, 183, 'P', 'Guaimaral'),
(995, 183, 'P', 'Mucutuy'),
(996, 183, 'P', 'Mucuchachí'),
(997, 184, 'P', 'Fernández Peña'),
(998, 184, 'P', 'Matriz'),
(999, 184, 'P', 'Montalbán'),
(1000, 184, 'P', 'Acequias'),
(1001, 184, 'P', 'Jají'),
(1002, 184, 'P', 'La Mesa'),
(1003, 184, 'P', 'San José del Sur'),
(1004, 185, 'P', 'Tucaní'),
(1005, 185, 'P', 'Florencio Ramírez'),
(1006, 186, 'P', 'Santo Domingo'),
(1007, 186, 'P', 'Las Piedras'),
(1008, 187, 'P', 'Guaraque'),
(1009, 187, 'P', 'Mesa de Quintero'),
(1010, 187, 'P', 'Río Negro'),
(1011, 188, 'P', 'Arapuey'),
(1012, 188, 'P', 'Palmira'),
(1013, 189, 'P', 'San Cristóbal de Torondoy'),
(1014, 189, 'P', 'Torondoy'),
(1015, 190, 'P', 'Antonio Spinetti Dini'),
(1016, 190, 'P', 'Arias'),
(1017, 190, 'P', 'Caracciolo Parra Pérez'),
(1018, 190, 'P', 'Domingo Peña'),
(1019, 190, 'P', 'El Llano'),
(1020, 190, 'P', 'Gonzalo Picón Febres'),
(1021, 190, 'P', 'Jacinto Plaza'),
(1022, 190, 'P', 'Juan Rodríguez Suárez'),
(1023, 190, 'P', 'Lasso de la Vega'),
(1024, 190, 'P', 'Mariano Picón Salas'),
(1025, 190, 'P', 'Milla'),
(1026, 190, 'P', 'Osuna Rodríguez'),
(1027, 190, 'P', 'Sagrario'),
(1028, 190, 'P', 'El Morro'),
(1029, 190, 'P', 'Los Nevados'),
(1030, 191, 'P', 'Andrés Eloy Blanco'),
(1031, 191, 'P', 'La Venta'),
(1032, 191, 'P', 'Piñango'),
(1033, 191, 'P', 'Timotes'),
(1034, 192, 'P', 'Eloy Paredes'),
(1035, 192, 'P', 'San Rafael de Alcázar'),
(1036, 192, 'P', 'Santa Elena de Arenales'),
(1037, 193, 'P', 'Santa María de Caparo'),
(1038, 194, 'P', 'Pueblo Llano'),
(1039, 195, 'P', 'Cacute'),
(1040, 195, 'P', 'La Toma'),
(1041, 195, 'P', 'Mucuchíes'),
(1042, 195, 'P', 'Mucurubá'),
(1043, 195, 'P', 'San Rafael'),
(1044, 196, 'P', 'Gerónimo Maldonado'),
(1045, 196, 'P', 'Bailadores'),
(1046, 197, 'P', 'Tabay'),
(1047, 198, 'P', 'Chiguará'),
(1048, 198, 'P', 'Estánquez'),
(1049, 198, 'P', 'Lagunillas'),
(1050, 198, 'P', 'La Trampa'),
(1051, 198, 'P', 'Pueblo Nuevo del Sur'),
(1052, 198, 'P', 'San Juan'),
(1053, 199, 'P', 'El Amparo'),
(1054, 199, 'P', 'El Llano'),
(1055, 199, 'P', 'San Francisco'),
(1056, 199, 'P', 'Tovar'),
(1057, 200, 'P', 'Independencia'),
(1058, 200, 'P', 'María de la Concepción Palacios Blanco'),
(1059, 200, 'P', 'Nueva Bolivia'),
(1060, 200, 'P', 'Santa Apolonia'),
(1061, 201, 'P', 'Caño El Tigre'),
(1062, 201, 'P', 'Zea'),
(1063, 223, 'P', 'Aragüita'),
(1064, 223, 'P', 'Arévalo González'),
(1065, 223, 'P', 'Capaya'),
(1066, 223, 'P', 'Caucagua'),
(1067, 223, 'P', 'Panaquire'),
(1068, 223, 'P', 'Ribas'),
(1069, 223, 'P', 'El Café'),
(1070, 223, 'P', 'Marizapa'),
(1071, 224, 'P', 'Cumbo'),
(1072, 224, 'P', 'San José de Barlovento'),
(1073, 225, 'P', 'El Cafetal'),
(1074, 225, 'P', 'Las Minas'),
(1075, 225, 'P', 'Nuestra Señora del Rosario'),
(1076, 226, 'P', 'Higuerote'),
(1077, 226, 'P', 'Curiepe'),
(1078, 226, 'P', 'Tacarigua de Brión'),
(1079, 227, 'P', 'Mamporal'),
(1080, 228, 'P', 'Carrizal'),
(1081, 229, 'P', 'Chacao'),
(1082, 230, 'P', 'Charallave'),
(1083, 230, 'P', 'Las Brisas'),
(1084, 231, 'P', 'El Hatillo'),
(1085, 232, 'P', 'Altagracia de la Montaña'),
(1086, 232, 'P', 'Cecilio Acosta'),
(1087, 232, 'P', 'Los Teques'),
(1088, 232, 'P', 'El Jarillo'),
(1089, 232, 'P', 'San Pedro'),
(1090, 232, 'P', 'Tácata'),
(1091, 232, 'P', 'Paracotos'),
(1092, 233, 'P', 'Cartanal'),
(1093, 233, 'P', 'Santa Teresa del Tuy'),
(1094, 234, 'P', 'La Democracia'),
(1095, 234, 'P', 'Ocumare del Tuy'),
(1096, 234, 'P', 'Santa Bárbara'),
(1097, 235, 'P', 'San Antonio de los Altos'),
(1098, 236, 'P', 'Río Chico'),
(1099, 236, 'P', 'El Guapo'),
(1100, 236, 'P', 'Tacarigua de la Laguna'),
(1101, 236, 'P', 'Paparo'),
(1102, 236, 'P', 'San Fernando del Guapo'),
(1103, 237, 'P', 'Santa Lucía del Tuy'),
(1104, 238, 'P', 'Cúpira'),
(1105, 238, 'P', 'Machurucuto'),
(1106, 239, 'P', 'Guarenas'),
(1107, 240, 'P', 'San Antonio de Yare'),
(1108, 240, 'P', 'San Francisco de Yare'),
(1109, 241, 'P', 'Leoncio Martínez'),
(1110, 241, 'P', 'Petare'),
(1111, 241, 'P', 'Caucagüita'),
(1112, 241, 'P', 'Filas de Mariche'),
(1113, 241, 'P', 'La Dolorita'),
(1114, 242, 'P', 'Cúa'),
(1115, 242, 'P', 'Nueva Cúa'),
(1116, 243, 'P', 'Guatire'),
(1117, 243, 'P', 'Bolívar'),
(1118, 258, 'P', 'San Antonio de Maturín'),
(1119, 258, 'P', 'San Francisco de Maturín'),
(1120, 259, 'P', 'Aguasay'),
(1121, 260, 'P', 'Caripito'),
(1122, 261, 'P', 'El Guácharo'),
(1123, 261, 'P', 'La Guanota'),
(1124, 261, 'P', 'Sabana de Piedra'),
(1125, 261, 'P', 'San Agustín'),
(1126, 261, 'P', 'Teresen'),
(1127, 261, 'P', 'Caripe'),
(1128, 262, 'P', 'Areo'),
(1129, 262, 'P', 'Capital Cedeño'),
(1130, 262, 'P', 'San Félix de Cantalicio'),
(1131, 262, 'P', 'Viento Fresco'),
(1132, 263, 'P', 'El Tejero'),
(1133, 263, 'P', 'Punta de Mata'),
(1134, 264, 'P', 'Chaguaramas'),
(1135, 264, 'P', 'Las Alhuacas'),
(1136, 264, 'P', 'Tabasca'),
(1137, 264, 'P', 'Temblador'),
(1138, 265, 'P', 'Alto de los Godos'),
(1139, 265, 'P', 'Boquerón'),
(1140, 265, 'P', 'Las Cocuizas'),
(1141, 265, 'P', 'La Cruz'),
(1142, 265, 'P', 'San Simón'),
(1143, 265, 'P', 'El Corozo'),
(1144, 265, 'P', 'El Furrial'),
(1145, 265, 'P', 'Jusepín'),
(1146, 265, 'P', 'La Pica'),
(1147, 265, 'P', 'San Vicente'),
(1148, 266, 'P', 'Aparicio'),
(1149, 266, 'P', 'Aragua de Maturín'),
(1150, 266, 'P', 'Chaguamal'),
(1151, 266, 'P', 'El Pinto'),
(1152, 266, 'P', 'Guanaguana'),
(1153, 266, 'P', 'La Toscana'),
(1154, 266, 'P', 'Taguaya'),
(1155, 267, 'P', 'Cachipo'),
(1156, 267, 'P', 'Quiriquire'),
(1157, 268, 'P', 'Santa Bárbara'),
(1158, 269, 'P', 'Barrancas'),
(1159, 269, 'P', 'Los Barrancos de Fajardo'),
(1160, 270, 'P', 'Uracoa'),
(1161, 271, 'P', 'Antolín del Campo'),
(1162, 272, 'P', 'Arismendi'),
(1163, 273, 'P', 'García'),
(1164, 273, 'P', 'Francisco Fajardo'),
(1165, 274, 'P', 'Bolívar'),
(1166, 274, 'P', 'Guevara'),
(1167, 274, 'P', 'Matasiete'),
(1168, 274, 'P', 'Santa Ana'),
(1169, 274, 'P', 'Sucre'),
(1170, 275, 'P', 'Aguirre'),
(1171, 275, 'P', 'Maneiro'),
(1172, 276, 'P', 'Adrián'),
(1173, 276, 'P', 'Juan Griego'),
(1174, 276, 'P', 'Yaguaraparo'),
(1175, 277, 'P', 'Porlamar'),
(1176, 278, 'P', 'San Francisco de Macanao'),
(1177, 278, 'P', 'Boca de Río'),
(1178, 279, 'P', 'Tubores'),
(1179, 279, 'P', 'Los Baleales'),
(1180, 280, 'P', 'Vicente Fuentes'),
(1181, 280, 'P', 'Villalba'),
(1182, 281, 'P', 'San Juan Bautista'),
(1183, 281, 'P', 'Zabala'),
(1184, 283, 'P', 'Capital Araure'),
(1185, 283, 'P', 'Río Acarigua'),
(1186, 284, 'P', 'Capital Esteller'),
(1187, 284, 'P', 'Uveral'),
(1188, 285, 'P', 'Guanare'),
(1189, 285, 'P', 'Córdoba'),
(1190, 285, 'P', 'San José de la Montaña'),
(1191, 285, 'P', 'San Juan de Guanaguanare'),
(1192, 285, 'P', 'Virgen de la Coromoto'),
(1193, 286, 'P', 'Guanarito'),
(1194, 286, 'P', 'Trinidad de la Capilla'),
(1195, 286, 'P', 'Divina Pastora'),
(1196, 287, 'P', 'Monseñor José Vicente de Unda'),
(1197, 287, 'P', 'Peña Blanca'),
(1198, 288, 'P', 'Capital Ospino'),
(1199, 288, 'P', 'Aparición'),
(1200, 288, 'P', 'La Estación'),
(1201, 289, 'P', 'Páez'),
(1202, 289, 'P', 'Payara'),
(1203, 289, 'P', 'Pimpinela'),
(1204, 289, 'P', 'Ramón Peraza'),
(1205, 290, 'P', 'Papelón'),
(1206, 290, 'P', 'Caño Delgadito'),
(1207, 291, 'P', 'San Genaro de Boconoito'),
(1208, 291, 'P', 'Antolín Tovar'),
(1209, 292, 'P', 'San Rafael de Onoto'),
(1210, 292, 'P', 'Santa Fe'),
(1211, 292, 'P', 'Thermo Morles'),
(1212, 293, 'P', 'Santa Rosalía'),
(1213, 293, 'P', 'Florida'),
(1214, 294, 'P', 'Sucre'),
(1215, 294, 'P', 'Concepción'),
(1216, 294, 'P', 'San Rafael de Palo Alzado'),
(1217, 294, 'P', 'Uvencio Antonio Velásquez'),
(1218, 294, 'P', 'San José de Saguaz'),
(1219, 294, 'P', 'Villa Rosa'),
(1220, 295, 'P', 'Turén'),
(1221, 295, 'P', 'Canelones'),
(1222, 295, 'P', 'Santa Cruz'),
(1223, 295, 'P', 'San Isidro Labrador'),
(1224, 296, 'P', 'Mariño'),
(1225, 296, 'P', 'Rómulo Gallegos'),
(1226, 297, 'P', 'San José de Aerocuar'),
(1227, 297, 'P', 'Tavera Acosta'),
(1228, 298, 'P', 'Río Caribe'),
(1229, 298, 'P', 'Antonio José de Sucre'),
(1230, 298, 'P', 'El Morro de Puerto Santo'),
(1231, 298, 'P', 'Puerto Santo'),
(1232, 298, 'P', 'San Juan de las Galdonas'),
(1233, 299, 'P', 'El Pilar'),
(1234, 299, 'P', 'El Rincón'),
(1235, 299, 'P', 'General Francisco Antonio Váquez'),
(1236, 299, 'P', 'Guaraúnos'),
(1237, 299, 'P', 'Tunapuicito'),
(1238, 299, 'P', 'Unión'),
(1239, 300, 'P', 'Santa Catalina'),
(1240, 300, 'P', 'Santa Rosa'),
(1241, 300, 'P', 'Santa Teresa'),
(1242, 300, 'P', 'Bolívar'),
(1243, 300, 'P', 'Maracapana'),
(1244, 302, 'P', 'Libertad'),
(1245, 302, 'P', 'El Paujil'),
(1246, 302, 'P', 'Yaguaraparo'),
(1247, 303, 'P', 'Cruz Salmerón Acosta'),
(1248, 303, 'P', 'Chacopata'),
(1249, 303, 'P', 'Manicuare'),
(1250, 304, 'P', 'Tunapuy'),
(1251, 304, 'P', 'Campo Elías'),
(1252, 305, 'P', 'Irapa'),
(1253, 305, 'P', 'Campo Claro'),
(1254, 305, 'P', 'Maraval'),
(1255, 305, 'P', 'San Antonio de Irapa'),
(1256, 305, 'P', 'Soro'),
(1257, 306, 'P', 'Mejía'),
(1258, 307, 'P', 'Cumanacoa'),
(1259, 307, 'P', 'Arenas'),
(1260, 307, 'P', 'Aricagua'),
(1261, 307, 'P', 'Cogollar'),
(1262, 307, 'P', 'San Fernando'),
(1263, 307, 'P', 'San Lorenzo'),
(1264, 308, 'P', 'Villa Frontado (Muelle de Cariaco)'),
(1265, 308, 'P', 'Catuaro'),
(1266, 308, 'P', 'Rendón'),
(1267, 308, 'P', 'San Cruz'),
(1268, 308, 'P', 'Santa María'),
(1269, 309, 'P', 'Altagracia'),
(1270, 309, 'P', 'Santa Inés'),
(1271, 309, 'P', 'Valentín Valiente'),
(1272, 309, 'P', 'Ayacucho'),
(1273, 309, 'P', 'San Juan'),
(1274, 309, 'P', 'Raúl Leoni'),
(1275, 309, 'P', 'Gran Mariscal'),
(1276, 310, 'P', 'Cristóbal Colón'),
(1277, 310, 'P', 'Bideau'),
(1278, 310, 'P', 'Punta de Piedras'),
(1279, 310, 'P', 'Güiria'),
(1280, 341, 'P', 'Andrés Bello'),
(1281, 342, 'P', 'Antonio Rómulo Costa'),
(1282, 343, 'P', 'Ayacucho'),
(1283, 343, 'P', 'Rivas Berti'),
(1284, 343, 'P', 'San Pedro del Río'),
(1285, 344, 'P', 'Bolívar'),
(1286, 344, 'P', 'Palotal'),
(1287, 344, 'P', 'General Juan Vicente Gómez'),
(1288, 344, 'P', 'Isaías Medina Angarita'),
(1289, 345, 'P', 'Cárdenas'),
(1290, 345, 'P', 'Amenodoro Ángel Lamus'),
(1291, 345, 'P', 'La Florida'),
(1292, 346, 'P', 'Córdoba'),
(1293, 347, 'P', 'Fernández Feo'),
(1294, 347, 'P', 'Alberto Adriani'),
(1295, 347, 'P', 'Santo Domingo'),
(1296, 348, 'P', 'Francisco de Miranda'),
(1297, 349, 'P', 'García de Hevia'),
(1298, 349, 'P', 'Boca de Grita'),
(1299, 349, 'P', 'José Antonio Páez'),
(1300, 350, 'P', 'Guásimos'),
(1301, 351, 'P', 'Independencia'),
(1302, 351, 'P', 'Juan Germán Roscio'),
(1303, 351, 'P', 'Román Cárdenas'),
(1304, 352, 'P', 'Jáuregui'),
(1305, 352, 'P', 'Emilio Constantino Guerrero'),
(1306, 352, 'P', 'Monseñor Miguel Antonio Salas'),
(1307, 353, 'P', 'José María Vargas'),
(1308, 354, 'P', 'Junín'),
(1309, 354, 'P', 'La Petrólea'),
(1310, 354, 'P', 'Quinimarí'),
(1311, 354, 'P', 'Bramón'),
(1312, 355, 'P', 'Libertad'),
(1313, 355, 'P', 'Cipriano Castro'),
(1314, 355, 'P', 'Manuel Felipe Rugeles'),
(1315, 356, 'P', 'Libertador'),
(1316, 356, 'P', 'Doradas'),
(1317, 356, 'P', 'Emeterio Ochoa'),
(1318, 356, 'P', 'San Joaquín de Navay'),
(1319, 357, 'P', 'Lobatera'),
(1320, 357, 'P', 'Constitución'),
(1321, 358, 'P', 'Michelena'),
(1322, 359, 'P', 'Panamericano'),
(1323, 359, 'P', 'La Palmita'),
(1324, 360, 'P', 'Pedro María Ureña'),
(1325, 360, 'P', 'Nueva Arcadia'),
(1326, 361, 'P', 'Delicias'),
(1327, 361, 'P', 'Pecaya'),
(1328, 362, 'P', 'Samuel Darío Maldonado'),
(1329, 362, 'P', 'Boconó'),
(1330, 362, 'P', 'Hernández'),
(1331, 363, 'P', 'La Concordia'),
(1332, 363, 'P', 'San Juan Bautista'),
(1333, 363, 'P', 'Pedro María Morantes'),
(1334, 363, 'P', 'San Sebastián'),
(1335, 363, 'P', 'Dr. Francisco Romero Lobo'),
(1336, 364, 'P', 'Seboruco'),
(1337, 365, 'P', 'Simón Rodríguez'),
(1338, 366, 'P', 'Sucre'),
(1339, 366, 'P', 'Eleazar López Contreras'),
(1340, 366, 'P', 'San Pablo'),
(1341, 367, 'P', 'Torbes'),
(1342, 368, 'P', 'Uribante'),
(1343, 368, 'P', 'Cárdenas'),
(1344, 368, 'P', 'Juan Pablo Peñalosa'),
(1345, 368, 'P', 'Potosí'),
(1346, 369, 'P', 'San Judas Tadeo'),
(1347, 370, 'P', 'Araguaney'),
(1348, 370, 'P', 'El Jaguito'),
(1349, 370, 'P', 'La Esperanza'),
(1350, 370, 'P', 'Santa Isabel'),
(1351, 371, 'P', 'Boconó'),
(1352, 371, 'P', 'El Carmen'),
(1353, 371, 'P', 'Mosquey'),
(1354, 371, 'P', 'Ayacucho'),
(1355, 371, 'P', 'Burbusay'),
(1356, 371, 'P', 'General Ribas'),
(1357, 371, 'P', 'Guaramacal'),
(1358, 371, 'P', 'Vega de Guaramacal'),
(1359, 371, 'P', 'Monseñor Jáuregui'),
(1360, 371, 'P', 'Rafael Rangel'),
(1361, 371, 'P', 'San Miguel'),
(1362, 371, 'P', 'San José'),
(1363, 372, 'P', 'Sabana Grande'),
(1364, 372, 'P', 'Cheregüé'),
(1365, 372, 'P', 'Granados'),
(1366, 373, 'P', 'Arnoldo Gabaldón'),
(1367, 373, 'P', 'Bolivia'),
(1368, 373, 'P', 'Carrillo'),
(1369, 373, 'P', 'Cegarra'),
(1370, 373, 'P', 'Chejendé'),
(1371, 373, 'P', 'Manuel Salvador Ulloa'),
(1372, 373, 'P', 'San José'),
(1373, 374, 'P', 'Carache'),
(1374, 374, 'P', 'La Concepción'),
(1375, 374, 'P', 'Cuicas'),
(1376, 374, 'P', 'Panamericana'),
(1377, 374, 'P', 'Santa Cruz'),
(1378, 375, 'P', 'Escuque'),
(1379, 375, 'P', 'La Unión'),
(1380, 375, 'P', 'Santa Rita'),
(1381, 375, 'P', 'Sabana Libre'),
(1382, 376, 'P', 'El Socorro'),
(1383, 376, 'P', 'Los Caprichos'),
(1384, 376, 'P', 'Antonio José de Sucre'),
(1385, 377, 'P', 'Campo Elías'),
(1386, 377, 'P', 'Arnoldo Gabaldón'),
(1387, 378, 'P', 'Santa Apolonia'),
(1388, 378, 'P', 'El Progreso'),
(1389, 378, 'P', 'La Ceiba'),
(1390, 378, 'P', 'Tres de Febrero'),
(1391, 379, 'P', 'El Dividive'),
(1392, 379, 'P', 'Agua Santa'),
(1393, 379, 'P', 'Agua Caliente'),
(1394, 379, 'P', 'El Cenizo'),
(1395, 379, 'P', 'Valerita'),
(1396, 380, 'P', 'Monte Carmelo'),
(1397, 380, 'P', 'Buena Vista'),
(1398, 380, 'P', 'Santa María del Horcón'),
(1399, 381, 'P', 'Motatán'),
(1400, 381, 'P', 'El Baño'),
(1401, 381, 'P', 'Jalisco'),
(1402, 382, 'P', 'Pampán'),
(1403, 382, 'P', 'Flor de Patria'),
(1404, 382, 'P', 'La Paz'),
(1405, 382, 'P', 'Santa Ana'),
(1406, 383, 'P', 'Pampanito'),
(1407, 383, 'P', 'La Concepción'),
(1408, 383, 'P', 'Pampanito II'),
(1409, 384, 'P', 'Betijoque'),
(1410, 384, 'P', 'José Gregorio Hernández'),
(1411, 384, 'P', 'La Pueblita'),
(1412, 384, 'P', 'Los Cedros'),
(1413, 385, 'P', 'Carvajal'),
(1414, 385, 'P', 'Campo Alegre'),
(1415, 385, 'P', 'Antonio Nicolás Briceño'),
(1416, 385, 'P', 'José Leonardo Suárez'),
(1417, 386, 'P', 'Sabana de Mendoza'),
(1418, 386, 'P', 'Junín'),
(1419, 386, 'P', 'Valmore Rodríguez'),
(1420, 386, 'P', 'El Paraíso'),
(1421, 387, 'P', 'Andrés Linares'),
(1422, 387, 'P', 'Chiquinquirá'),
(1423, 387, 'P', 'Cristóbal Mendoza'),
(1424, 387, 'P', 'Cruz Carrillo'),
(1425, 387, 'P', 'Matriz'),
(1426, 387, 'P', 'Monseñor Carrillo'),
(1427, 387, 'P', 'Tres Esquinas'),
(1428, 388, 'P', 'Cabimbú'),
(1429, 388, 'P', 'Jajó'),
(1430, 388, 'P', 'La Mesa de Esnujaque'),
(1431, 388, 'P', 'Santiago'),
(1432, 388, 'P', 'Tuñame'),
(1433, 388, 'P', 'La Quebrada'),
(1434, 389, 'P', 'Juan Ignacio Montilla'),
(1435, 389, 'P', 'La Beatriz'),
(1436, 389, 'P', 'La Puerta'),
(1437, 389, 'P', 'Mendoza del Valle de Momboy'),
(1438, 389, 'P', 'Mercedes Díaz'),
(1439, 389, 'P', 'San Luis'),
(1440, 390, 'P', 'Caraballeda'),
(1441, 390, 'P', 'Carayaca'),
(1442, 390, 'P', 'Carlos Soublette'),
(1443, 390, 'P', 'Caruao Chuspa'),
(1444, 390, 'P', 'Catia La Mar'),
(1445, 390, 'P', 'El Junko'),
(1446, 390, 'P', 'La Guaira'),
(1447, 390, 'P', 'Macuto'),
(1448, 390, 'P', 'Maiquetía'),
(1449, 390, 'P', 'Naiguatá'),
(1450, 390, 'P', 'Urimare'),
(1451, 391, 'P', 'Arístides Bastidas'),
(1452, 392, 'P', 'Bolívar'),
(1453, 407, 'P', 'Chivacoa'),
(1454, 407, 'P', 'Campo Elías'),
(1455, 408, 'P', 'Cocorote'),
(1456, 409, 'P', 'Independencia'),
(1457, 410, 'P', 'José Antonio Páez'),
(1458, 411, 'P', 'La Trinidad'),
(1459, 412, 'P', 'Manuel Monge'),
(1460, 413, 'P', 'Salóm'),
(1461, 413, 'P', 'Temerla'),
(1462, 413, 'P', 'Nirgua'),
(1463, 414, 'P', 'San Andrés'),
(1464, 414, 'P', 'Yaritagua'),
(1465, 415, 'P', 'San Javier'),
(1466, 415, 'P', 'Albarico'),
(1467, 415, 'P', 'San Felipe'),
(1468, 416, 'P', 'Sucre'),
(1469, 417, 'P', 'Urachiche'),
(1470, 418, 'P', 'El Guayabo'),
(1471, 418, 'P', 'Farriar'),
(1472, 441, 'P', 'Isla de Toas'),
(1473, 441, 'P', 'Monagas'),
(1474, 442, 'P', 'San Timoteo'),
(1475, 442, 'P', 'General Urdaneta'),
(1476, 442, 'P', 'Libertador'),
(1477, 442, 'P', 'Marcelino Briceño'),
(1478, 442, 'P', 'Pueblo Nuevo'),
(1479, 442, 'P', 'Manuel Guanipa Matos'),
(1480, 443, 'P', 'Ambrosio'),
(1481, 443, 'P', 'Carmen Herrera'),
(1482, 443, 'P', 'La Rosa'),
(1483, 443, 'P', 'Germán Ríos Linares'),
(1484, 443, 'P', 'San Benito'),
(1485, 443, 'P', 'Rómulo Betancourt'),
(1486, 443, 'P', 'Jorge Hernández'),
(1487, 443, 'P', 'Punta Gorda'),
(1488, 443, 'P', 'Arístides Calvani'),
(1489, 444, 'P', 'Encontrados'),
(1490, 444, 'P', 'Udón Pérez'),
(1491, 445, 'P', 'Moralito'),
(1492, 445, 'P', 'San Carlos del Zulia'),
(1493, 445, 'P', 'Santa Cruz del Zulia'),
(1494, 445, 'P', 'Santa Bárbara'),
(1495, 445, 'P', 'Urribarrí'),
(1496, 446, 'P', 'Carlos Quevedo'),
(1497, 446, 'P', 'Francisco Javier Pulgar'),
(1498, 446, 'P', 'Simón Rodríguez'),
(1499, 446, 'P', 'Guamo-Gavilanes'),
(1500, 448, 'P', 'La Concepción'),
(1501, 448, 'P', 'San José'),
(1502, 448, 'P', 'Mariano Parra León'),
(1503, 448, 'P', 'José Ramón Yépez'),
(1504, 449, 'P', 'Jesús María Semprún'),
(1505, 449, 'P', 'Barí'),
(1506, 450, 'P', 'Concepción'),
(1507, 450, 'P', 'Andrés Bello'),
(1508, 450, 'P', 'Chiquinquirá'),
(1509, 450, 'P', 'El Carmelo'),
(1510, 450, 'P', 'Potreritos'),
(1511, 451, 'P', 'Libertad'),
(1512, 451, 'P', 'Alonso de Ojeda'),
(1513, 451, 'P', 'Venezuela'),
(1514, 451, 'P', 'Eleazar López Contreras'),
(1515, 451, 'P', 'Campo Lara'),
(1516, 452, 'P', 'Bartolomé de las Casas'),
(1517, 452, 'P', 'Libertad'),
(1518, 452, 'P', 'Río Negro'),
(1519, 452, 'P', 'San José de Perijá'),
(1520, 453, 'P', 'San Rafael'),
(1521, 453, 'P', 'La Sierrita'),
(1522, 453, 'P', 'Las Parcelas'),
(1523, 453, 'P', 'Luis de Vicente'),
(1524, 453, 'P', 'Monseñor Marcos Sergio Godoy'),
(1525, 453, 'P', 'Ricaurte'),
(1526, 453, 'P', 'Tamare'),
(1527, 454, 'P', 'Antonio Borjas Romero'),
(1528, 454, 'P', 'Bolívar'),
(1529, 454, 'P', 'Cacique Mara'),
(1530, 454, 'P', 'Carracciolo Parra Pérez'),
(1531, 454, 'P', 'Cecilio Acosta'),
(1532, 454, 'P', 'Cristo de Aranza'),
(1533, 454, 'P', 'Coquivacoa'),
(1534, 454, 'P', 'Chiquinquirá'),
(1535, 454, 'P', 'Francisco Eugenio Bustamante'),
(1536, 454, 'P', 'Idelfonzo Vásquez'),
(1537, 454, 'P', 'Juana de Ávila'),
(1538, 454, 'P', 'Luis Hurtado Higuera'),
(1539, 454, 'P', 'Manuel Dagnino'),
(1540, 454, 'P', 'Olegario Villalobos'),
(1541, 454, 'P', 'Raúl Leoni'),
(1542, 454, 'P', 'Santa Lucía'),
(1543, 454, 'P', 'Venancio Pulgar'),
(1544, 454, 'P', 'San Isidro'),
(1545, 455, 'P', 'Altagracia'),
(1546, 455, 'P', 'Faría'),
(1547, 455, 'P', 'Ana María Campos'),
(1548, 455, 'P', 'San Antonio'),
(1549, 455, 'P', 'San José'),
(1550, 456, 'P', 'Donaldo García'),
(1551, 456, 'P', 'El Rosario'),
(1552, 456, 'P', 'Sixto Zambrano'),
(1553, 457, 'P', 'San Francisco'),
(1554, 457, 'P', 'El Bajo'),
(1555, 457, 'P', 'Domitila Flores'),
(1556, 457, 'P', 'Francisco Ochoa'),
(1557, 457, 'P', 'Los Cortijos'),
(1558, 457, 'P', 'Marcial Hernández'),
(1559, 458, 'P', 'Santa Rita'),
(1560, 458, 'P', 'El Mene'),
(1561, 458, 'P', 'Pedro Lucas Urribarrí'),
(1562, 458, 'P', 'José Cenobio Urribarrí'),
(1563, 459, 'P', 'Rafael Maria Baralt'),
(1564, 459, 'P', 'Manuel Manrique'),
(1565, 459, 'P', 'Rafael Urdaneta'),
(1566, 460, 'P', 'Bobures'),
(1567, 460, 'P', 'Gibraltar'),
(1568, 460, 'P', 'Heras'),
(1569, 460, 'P', 'Monseñor Arturo Álvarez'),
(1570, 460, 'P', 'Rómulo Gallegos'),
(1571, 460, 'P', 'El Batey'),
(1572, 461, 'P', 'Rafael Urdaneta'),
(1573, 461, 'P', 'La Victoria'),
(1574, 461, 'P', 'Raúl Cuenca'),
(1575, 447, 'P', 'Sinamaica'),
(1576, 447, 'P', 'Alta Guajira'),
(1577, 447, 'P', 'Elías Sánchez Rubio'),
(1578, 447, 'P', 'Guajira'),
(1579, 462, 'P', 'Altagracia'),
(1580, 462, 'P', 'Antímano'),
(1581, 462, 'P', 'Caricuao'),
(1582, 462, 'P', 'Catedral'),
(1583, 462, 'P', 'Coche'),
(1584, 462, 'P', 'El Junquito'),
(1585, 462, 'P', 'El Paraíso'),
(1586, 462, 'P', 'El Recreo'),
(1587, 462, 'P', 'El Valle'),
(1588, 462, 'P', 'La Candelaria'),
(1589, 462, 'P', 'La Pastora'),
(1590, 462, 'P', 'La Vega'),
(1591, 462, 'P', 'Macarao'),
(1592, 462, 'P', 'San Agustín'),
(1593, 462, 'P', 'San Bernardino'),
(1594, 462, 'P', 'San José'),
(1595, 462, 'P', 'San Juan'),
(1596, 462, 'P', 'San Pedro'),
(1597, 462, 'P', 'Santa Rosalía'),
(1598, 462, 'P', 'Santa Teresa'),
(1599, 462, 'P', 'Sucre (Catia)'),
(1600, 462, 'P', '23 de enero');

INSERT INTO tienda (ti_id,ti_tipo,ti_nombre,l_id) VALUES
(1,'Candy Shop','Principal',1585),
(2,'Mini Candy Shop','Candy Cafetal',1073),
(3,'Mini Candy Shop','Candy Puente Maracaibo',1527),
(4,'Mini Candy Shop','Candy Barqui',924),
(5,'Mini Candy Shop','Candy El Tigre',541),
(6,'Mini Candy Shop','Candy Guanare',1188),
(7,'Mini Candy Shop','Candy Paraguana',811),
(8,'Mini Candy Shop','Candy Valle La Pascua',901),
(9,'Mini Candy Shop','Candy Ureña',1324),
(10,'Mini Candy Shop','Candy San Felíx',677),
(11,'Mini Candy Shop','Candy Carora',972),
(12,'Mini Candy Shop','Candy Acarigua',1201),
(13,'Mini Candy Shop','Candy Táriba',1291),
(14,'Mini Candy Shop','Candy Petare',1110),
(15,'Mini Candy Shop','Candy Maracay',575),
(16,'Mini Candy Shop','Candy Puerto Ordaz',677),
(17,'Mini Candy Shop','Candy San Cristóbal',1331),
(18,'Mini Candy Shop','Candy Los Teques',1087),
(19,'Mini Candy Shop','Candy Anaco',488),
(20,'Mini Candy Shop','Candy San Casimiro',595),
(21,'Mini Candy Shop','Candy San Antonio De Los Altos',1097),
(22,'Mini Candy Shop','Candy Antimano',1580),
(23,'Mini Candy Shop','Candy La Guaira',1446),
(24,'Mini Candy Shop','Candy Margarita(Pampatar)',1171),
(25,'Mini Candy Shop','Candy Guanta',502),
(26,'Mini Candy Shop','Candy Puerto La Cruz',512),
(27,'Mini Candy Shop','Candy Mérida',1021),
(28,'Mini Candy Shop','Candy Barinas',631),
(29,'Mini Candy Shop','Candy Tucacas',841),
(30,'Mini Candy Shop','Candy Costa Oriental del Lago',1487),
(31,'Mini Candy Shop','Candy La Victoria',584),
(32,'Mini Candy Shop','Candy Villa de Cura',615),
(33,'Mini Candy Shop','Candy Ciudad Ojeda',1512),
(34,'Mini Candy Shop','Candy Ciudad Bolivar',677),
(35,'Mini Candy Shop','Candy Barcelona',536),
(36,'Mini Candy Shop','Candy San Fernando de Apure',565),
(37,'Mini Candy Shop','Candy Valencia',755),
(38,'Mini Candy Shop','Candy Maiquetía',1448),
(39,'Mini Candy Shop','Candy Carúpano',1242),
(40,'Mini Candy Shop','Candy Coro',854),
(41,'Mini Candy Shop','Candy Trujillo',1427);

INSERT INTO tipo_producto (tp_id,tp_nombre) VALUES
(1, 'Chupeta'),
(2,'Caramelo Duro'),
(3,'Pastilla'),
(4,'Caramelo Blando'),
(5,'Chicle'),
(6,'Gomita');

INSERT INTO producto (p_nombre,p_imagen,p_precio,p_desc,tp_id) VALUES
('Chupetas Rimbombin','rimbombin.png',100,'El famoso caramelo con
palo ideado por Enric Bernat en 1958 sigue
de actualidad en nuestros días. Personajes como Johan Cruyff, Rivaldo, Harrison Ford o Jorge Lorenzo
han protagonizado campañas o se les ha visto en público saboreando
Chupetas Rimbombin. El logo de Chupetas Rimbombin que
conocemos hoy en día fue rediseñado por Salvador Paluiski en
1980, envolviendolo con la forma de margarita que conocemos.
Hoy en día, además de los clásicos, también podemos
encontrarlos rellenos de chicle, de chocolate y en formato
sin azúcar.',1),
('Ricolin','ricolin.png',120,'Los primeros Ricolin se fabricaron
en la década de 1990, como supresores de la
tos. Hoy en día Ricolin es la marca líder
en el segmento de los caramelos de bolsillo
en Venezuela. A sus sabores clásicos
mentolados y cítricos ahora añaden sabores
frutales como fresa y lima en formato con y
sin azúcar, y todos con contenido en
vitamina C.',2),
('Los Firi Firi','firifiri.png',80,'Se introducen en el mercado en 1994, teniendo
como objetivo un público adulto. Son pastillas que
proporcionan frescura, y en ello basan
sus campañas publicitarias. Desde el
año 1994 hasta hoy hemos visto
cantidad de campañas divertidas de
firi firi siempre basadas en su slogan
“sin firi firi no hay beso”. A partir
de los primeros firi firi tabs de
sabor menta, han ido apareciendo
nuevos sabores,todos sin azúcar.',3),
('Chupetas de Corazón','chupetacorazon.png',130,'En el año 2005 decidimos
apostar; gracias al éxito del caramelo
Ricura; a la combinación del dulce y picante,
por eso se crean unas chupetas en forma de
corazón que tienen aspecto sutil pero es el
resultado de combinar un suave sabor de fresa con polvo
efervescente picante.',1),
('Pirulitos','pirulito.png',90,'Son caramelos blandos que
reciben su nombre por la forma alargada
con la que se presentan. Tradicionalmente
eran de sabor fresa, a los que más tarde
se añadieron el sabor naranja y el cola, a
los que ahora se añaden los de melocotón,
patilla y manzana.',4),
('Ricura','ricura.png',70,'Se introducen en el mercado en el año 2002 como una
edición especial, por su particular
combinación de sabores, tanto fue el éxito
que son parte de la producción actual de la
fábrica. Es una bola de caramelo picante con
centro de chicle. Permanecen dentro del Top
10 a nivel nacional y está entre los
favoritos a nivel internacional.',2),
('El Original','original.png',110,'El caramelo balsámico de Candy UCAB. Un producto
clásico de confitería adulta, que aúna un sabor refrescante y
agradable con el efecto de
aliviar la irritación de
garganta y despejar las vías
respiratorias. Candy UCAB los
comercializa con y sin azúcar.
Elaborados a partir de Menta
Piperita, la variedad de menta
más refrescante, están
disponibles en varios sabores:
menta fresca, eucalipto, miel y mentol, limón y melisa,
naranja y limón fresh con xylitol.',2),
('Dulcin','dulcin.png',95,'La receta original es procedente de España del año
1961, pero Candy hizo una adaptación de la receta con
productos locales (venezolanos) son los
caramelos blandos más conocidos de
Candy UCAB, con los que muchos nos
iniciamos en el mundo de los caramelos.
Son caramelos masticables de forma
cuadrada y muy coloridos, asociando
cada color a un sabor correspondiente,
siendo estos fresa, piña, limón, naranja y cereza.',4),
('Choco Candy','choco.png',135,'Los primeros caramelos Choco se
fabricaron en una pequeña confitería de
Valencia en la década de los 80, eran pequeñas
pastillas de café con leche a las que se les
atribuían efectos positivos para combatir
resfriados. Candy en el año 2005 adaptó la receta agregando
un ingrediente especial (el chocolate). Hoy en día los
caramelos Choco son líderes en caramelos de chocolate, y
cuenta con una amplia variedad de sabores: tradicional, café
expresso, capuccino, fresas con nata, menta, nata y mousse de
limón todos con base de chocolate.',3),
('Blue','blue.png',150,'Al término de la guerra civil, Javier Ramírez regresó
a Navarra tras un exilio en Francia. Fue entonces cuando
inventó un caramelo que hoy día sigue siendo un éxito en
España y en el mundo, el caramelo
de piñones de la fábrica El
Caserío. En El Caserío de Tafalla
siguen produciendo sus caramelos
de forma casi artesanal, siempre
con productos naturales. Hoy en
día su variedad es muy amplia,
además del caramelo de piñones
tienen disponibles otros de cremas, pastillas de café con
leche, caramelos ligeros, toffers, caramelos de chocolate con
piñones, caramelos de cortesía e incluso un caramelo especial
con el que colaboran en la lucha contra el Alzheimer. Candy
para el 2007 hizo la tropicalización de la receta y creo Blue
un caramelo de café con centro de arequipe.',2)

INSERT INTO rol (r_tipo) VALUES
('Administrador'),
('Cajero'),
('Gerente'),
('Talento Humano'),
('Jefe de Compras'),
('Despachador'),
('Gerente Promociones'),
('Gerente General'),
('Supervisor'),
('Empleado Razo');

INSERT INTO historial (h_precio,h_fecha) VALUES
(10,'01-06-2018'),
(20,'02-06-2018'),
(30,'03-06-2018'),
(40,'04-06-2018'),
(50,'05-06-2018'),
(60,'06-06-2018'),
(70,'07-06-2018'),
(80,'08-06-2018'),
(90,'06-06-2018'),
(100,'07-06-2018');

INSERT INTO diariodulce (dd_femision,dd_final,e_id) VALUES
('06-03-2018','26-03-2018',1),
('27-03-2018','16-04-2018',1),
('17-04-2018','07-05-2018',1),
('08-05-2018','28-05-2018',1),
('29-05-2018','17-06-2018',1);
